{
  "Forsyth Park - Middle (Fragrance Garden & Fountain)": [
    32.065364,
    -81.089123
  ],
  "Cathedral of St. John the Baptist": [
    32.0733156,
    -81.0908577
  ],
  "Wesley Monumental UMC": [
    32.070881,
    -81.09375
  ],
  "First African Baptist Church": [
    32.081361,
    -81.0962838
  ],
  "Chippewa Square - Oglethorpe Statue": [
    32.07579,
    -81.093147
  ],
  "Monterey Square - Pulaski Monument": [
    32.07135,
    -81.0948
  ],
  "Johnson Square": [
    32.080217,
    -81.09145
  ],
  "Scarbrough House": [
    32.08,
    -81.098756
  ],
  "Bonaventure Cemetery": [
    32.043889,
    -81.045556
  ],
  "Isaiah Davenport House": [
    32.077222,
    -81.088333
  ],
  "Owens-Thomas House": [
    32.07738,
    -81.0894
  ],
  "Green-Meldrim House": [
    32.073889,
    -81.094722
  ],
  "Laurel Grove-North Cemetery": [
    32.064722,
    -81.108611
  ],
  "Laurel Grove-South Cemetery": [
    32.060278,
    -81.115833
  ]
}